building,total_kwh,avg_kwh,records
A,194,13.857142857142858,14
B,208,14.857142857142858,14
C,222,15.857142857142858,14
